{
    "version": "1.0.0",
    "summary": "Client for IsAlive",
    "repository": "https://github.com/not-fl3/isalive.git",
    "license": "BSD3",
    "source-directories": [
        "."
    ],
    "exposed-modules": [],
    "dependencies": {
        "elm-lang/core": "5.0.0 <= v < 6.0.0",
        "elm-lang/html": "2.0.0 <= v < 3.0.0",
        "elm-lang/http": "1.0.0 <= v < 2.0.0",
        "elm-lang/json-extra": "2.0.0 <= v < 3.0.0"
    },
    "elm-version": "0.17.1 <= v < 0.18.1"
}
